risk_tier,customers,avg_churn_probability,total_revenue_at_risk,avg_customer_revenue
Critical Risk,17626,0.9267349969056269,29248368.2036948,1798.980086236242
High Risk,10324,0.700418845582703,14680340.340858625,2036.7910693529639
Low Risk,146827,0.10131090104950738,31431156.6550405,2244.166011700845
Medium Risk,23810,0.4183662825051876,20798105.012890875,2067.572616547669
